<?xml version="1.0" encoding="UTF-8"?>
<!-- IMPORTANT: This is an internal file that has been generated
     by the Xilinx ISE software.  Any direct editing or
     changes made to this file may result in unpredictable
     behavior or data corruption.  It is strongly advised that
     users do not edit the contents of this file. -->
<DeviceUsageSummary rev="10">
<DesignStatistics TimeStamp="Thu May 09 09:27:57 2019"><group name="NetStatistics">
<item name="NumNets_Active" rev="10">
<attrib name="value" value="3403"/></item>
<item name="NumNets_Gnd" rev="10">
<attrib name="value" value="1"/></item>
<item name="NumNets_Vcc" rev="10">
<attrib name="value" value="1"/></item>
<item name="NumNodesOfType_Active_BENTQUAD" rev="10">
<attrib name="value" value="149"/></item>
<item name="NumNodesOfType_Active_BOUNCEACROSS" rev="10">
<attrib name="value" value="477"/></item>
<item name="NumNodesOfType_Active_BOUNCEIN" rev="10">
<attrib name="value" value="374"/></item>
<item name="NumNodesOfType_Active_BUFGROUT" rev="10">
<attrib name="value" value="2"/></item>
<item name="NumNodesOfType_Active_BUFINP2OUT" rev="10">
<attrib name="value" value="3"/></item>
<item name="NumNodesOfType_Active_CLKPIN" rev="10">
<attrib name="value" value="428"/></item>
<item name="NumNodesOfType_Active_CNTRLPIN" rev="10">
<attrib name="value" value="53"/></item>
<item name="NumNodesOfType_Active_DOUBLE" rev="10">
<attrib name="value" value="1213"/></item>
<item name="NumNodesOfType_Active_GENERIC" rev="10">
<attrib name="value" value="18"/></item>
<item name="NumNodesOfType_Active_GLOBAL" rev="10">
<attrib name="value" value="46"/></item>
<item name="NumNodesOfType_Active_HLONG" rev="10">
<attrib name="value" value="5"/></item>
<item name="NumNodesOfType_Active_HQUAD" rev="10">
<attrib name="value" value="154"/></item>
<item name="NumNodesOfType_Active_INPUT" rev="10">
<attrib name="value" value="57"/></item>
<item name="NumNodesOfType_Active_IOBIN2OUT" rev="10">
<attrib name="value" value="70"/></item>
<item name="NumNodesOfType_Active_IOBOUTPUT" rev="10">
<attrib name="value" value="70"/></item>
<item name="NumNodesOfType_Active_LUTINPUT" rev="10">
<attrib name="value" value="6696"/></item>
<item name="NumNodesOfType_Active_OUTBOUND" rev="10">
<attrib name="value" value="3320"/></item>
<item name="NumNodesOfType_Active_OUTPUT" rev="10">
<attrib name="value" value="3324"/></item>
<item name="NumNodesOfType_Active_PADINPUT" rev="10">
<attrib name="value" value="61"/></item>
<item name="NumNodesOfType_Active_PADOUTPUT" rev="10">
<attrib name="value" value="11"/></item>
<item name="NumNodesOfType_Active_PINBOUNCE" rev="10">
<attrib name="value" value="878"/></item>
<item name="NumNodesOfType_Active_PINFEED" rev="10">
<attrib name="value" value="7326"/></item>
<item name="NumNodesOfType_Active_REGINPUT" rev="10">
<attrib name="value" value="10"/></item>
<item name="NumNodesOfType_Active_SINGLE" rev="10">
<attrib name="value" value="2567"/></item>
<item name="NumNodesOfType_Active_VLONG" rev="10">
<attrib name="value" value="28"/></item>
<item name="NumNodesOfType_Active_VQUAD" rev="10">
<attrib name="value" value="491"/></item>
<item name="NumNodesOfType_Vcc_BOUNCEIN" rev="10">
<attrib name="value" value="100"/></item>
<item name="NumNodesOfType_Vcc_CLKPIN" rev="10">
<attrib name="value" value="1"/></item>
<item name="NumNodesOfType_Vcc_HVCCOUT" rev="10">
<attrib name="value" value="411"/></item>
<item name="NumNodesOfType_Vcc_INPUT" rev="10">
<attrib name="value" value="524"/></item>
<item name="NumNodesOfType_Vcc_LUTINPUT" rev="10">
<attrib name="value" value="1646"/></item>
<item name="NumNodesOfType_Vcc_PINBOUNCE" rev="10">
<attrib name="value" value="101"/></item>
<item name="NumNodesOfType_Vcc_PINFEED" rev="10">
<attrib name="value" value="2552"/></item>
<item name="NumNodesOfType_Vcc_REGINPUT" rev="10">
<attrib name="value" value="1"/></item>
</group>
<group name="SiteStatistics">
<item name="BUFG-BUFGCTRL" rev="10">
<attrib name="value" value="2"/></item>
<item name="IOB-IOBM" rev="10">
<attrib name="value" value="36"/></item>
<item name="IOB-IOBS" rev="10">
<attrib name="value" value="36"/></item>
<item name="SLICEL-SLICEM" rev="10">
<attrib name="value" value="224"/></item>
</group>
<group name="MiscellaneousStatistics">
<item name="AGG_BONDED_IO" rev="9">
<attrib name="value" value="72"/></item>
<item name="AGG_IO" rev="9">
<attrib name="value" value="72"/></item>
<item name="AGG_LOCED_IO" rev="9">
<attrib name="value" value="69"/></item>
<item name="AGG_SLICE" rev="9">
<attrib name="value" value="441"/></item>
<item name="NUM_BONDED_IOB" rev="9">
<attrib name="value" value="72"/></item>
<item name="NUM_BSFULL" rev="9">
<attrib name="value" value="1628"/></item>
<item name="NUM_BSLUTONLY" rev="9">
<attrib name="value" value="72"/></item>
<item name="NUM_BSREGONLY" rev="9">
<attrib name="value" value="5"/></item>
<item name="NUM_BSUSED" rev="9">
<attrib name="value" value="1705"/></item>
<item name="NUM_BUFG" rev="9">
<attrib name="value" value="2"/></item>
<item name="NUM_LOCED_IOB" rev="9">
<attrib name="value" value="69"/></item>
<item name="NUM_LOGIC_O5ANDO6" rev="9">
<attrib name="value" value="1609"/></item>
<item name="NUM_LOGIC_O5ONLY" rev="9">
<attrib name="value" value="38"/></item>
<item name="NUM_LOGIC_O6ONLY" rev="9">
<attrib name="value" value="51"/></item>
<item name="NUM_LUT_RT_DRIVES_CARRY4" rev="9">
<attrib name="value" value="2"/></item>
<item name="NUM_LUT_RT_EXO6" rev="9">
<attrib name="value" value="2"/></item>
<item name="NUM_LUT_RT_O6" rev="9">
<attrib name="value" value="37"/></item>
<item name="NUM_MMCM_ADV" rev="9">
<attrib name="value" value="1"/></item>
<item name="NUM_SLICEL" rev="9">
<attrib name="value" value="441"/></item>
<item name="NUM_SLICE_CARRY4" rev="9">
<attrib name="value" value="18"/></item>
<item name="NUM_SLICE_CONTROLSET" rev="9">
<attrib name="value" value="12"/></item>
<item name="NUM_SLICE_CYINIT" rev="9">
<attrib name="value" value="3348"/></item>
<item name="NUM_SLICE_FF" rev="9">
<attrib name="value" value="3204"/></item>
<item name="NUM_SLICE_LATCH" rev="9">
<attrib name="value" value="1"/></item>
<item name="NUM_SLICE_UNUSEDCTRL" rev="9">
<attrib name="value" value="17"/></item>
<item name="NUM_STARTUP" rev="9">
<attrib name="value" value="1"/></item>
<item name="NUM_UNUSABLE_FF_BELS" rev="9">
<attrib name="value" value="51"/></item>
</group>
</DesignStatistics>
<DeviceUsage TimeStamp="Thu May 09 09:27:57 2019"><group name="SiteSummary">
<item name="BUFG" rev="10">
<attrib name="total" value="1000000"/><attrib name="used" value="2"/></item>
<item name="BUFG_BUFG" rev="10">
<attrib name="total" value="1000000"/><attrib name="used" value="2"/></item>
<item name="CARRY4" rev="10">
<attrib name="total" value="1000000"/><attrib name="used" value="18"/></item>
<item name="FF_INIT" rev="10">
<attrib name="total" value="1000000"/><attrib name="used" value="1572"/></item>
<item name="GTXE1" rev="10">
<attrib name="total" value="1000000"/><attrib name="used" value="20"/></item>
<item name="GTXE1_GTXE1" rev="10">
<attrib name="total" value="1000000"/><attrib name="used" value="20"/></item>
<item name="HARD0" rev="10">
<attrib name="total" value="1000000"/><attrib name="used" value="2"/></item>
<item name="IOB" rev="10">
<attrib name="total" value="1000000"/><attrib name="used" value="72"/></item>
<item name="IOB_INBUF" rev="10">
<attrib name="total" value="1000000"/><attrib name="used" value="11"/></item>
<item name="IOB_OUTBUF" rev="10">
<attrib name="total" value="1000000"/><attrib name="used" value="60"/></item>
<item name="LUT5" rev="10">
<attrib name="total" value="1000000"/><attrib name="used" value="1647"/></item>
<item name="LUT6" rev="10">
<attrib name="total" value="1000000"/><attrib name="used" value="1699"/></item>
<item name="MMCM_ADV" rev="10">
<attrib name="total" value="1000000"/><attrib name="used" value="1"/></item>
<item name="MMCM_ADV_MMCM_ADV" rev="10">
<attrib name="total" value="1000000"/><attrib name="used" value="1"/></item>
<item name="NULLMUX" rev="10">
<attrib name="total" value="1000000"/><attrib name="used" value="1"/></item>
<item name="PAD" rev="10">
<attrib name="total" value="1000000"/><attrib name="used" value="72"/></item>
<item name="REG_INIT" rev="10">
<attrib name="total" value="1000000"/><attrib name="used" value="1633"/></item>
<item name="SLICEL" rev="10">
<attrib name="total" value="1000000"/><attrib name="used" value="441"/></item>
<item name="STARTUP" rev="10">
<attrib name="total" value="1000000"/><attrib name="used" value="1"/></item>
<item name="STARTUP_STARTUP" rev="10">
<attrib name="total" value="1000000"/><attrib name="used" value="1"/></item>
</group>
</DeviceUsage>
<ReportConfigData TimeStamp="Thu May 09 09:27:57 2019"><group name="REG_INIT">
<item name="CK" rev="10">
<attrib name="CK" value="1575"/><attrib name="CK_INV" value="58"/></item>
<item name="FFINIT" rev="10">
<attrib name="INIT0" value="1630"/><attrib name="INIT1" value="3"/></item>
<item name="FFSR" rev="10">
<attrib name="SRLOW" value="1630"/><attrib name="SRHIGH" value="3"/></item>
<item name="LATCH_OR_FF" rev="10">
<attrib name="FF" value="1632"/><attrib name="LATCH" value="1"/></item>
<item name="SYNC_ATTR" rev="10">
<attrib name="ASYNC" value="1572"/><attrib name="SYNC" value="61"/></item>
</group>
<group name="SLICEL">
<item name="CLK" rev="10">
<attrib name="CLK" value="397"/><attrib name="CLK_INV" value="27"/></item>
</group>
<group name="MMCM_ADV">
<item name="CLKINSEL" rev="10">
<attrib name="CLKINSEL" value="1"/><attrib name="CLKINSEL_INV" value="0"/></item>
<item name="PSEN" rev="10">
<attrib name="PSEN_INV" value="0"/><attrib name="PSEN" value="1"/></item>
<item name="PSINCDEC" rev="10">
<attrib name="PSINCDEC" value="1"/><attrib name="PSINCDEC_INV" value="0"/></item>
<item name="PWRDWN" rev="10">
<attrib name="PWRDWN_INV" value="0"/><attrib name="PWRDWN" value="1"/></item>
<item name="RST" rev="10">
<attrib name="RST" value="1"/><attrib name="RST_INV" value="0"/></item>
</group>
<group name="IOB_INBUF">
<item name="DIFF_TERM" rev="10">
<attrib name="FALSE" value="1"/></item>
<item name="IBUF_LOW_PWR" rev="10">
<attrib name="TRUE" value="11"/></item>
</group>
<group name="MMCM_ADV_MMCM_ADV">
<item name="BANDWIDTH" rev="10">
<attrib name="OPTIMIZED" value="1"/></item>
<item name="CASC_LOCK_EN" rev="10">
<attrib name="FALSE" value="1"/></item>
<item name="CLKBURST_ENABLE" rev="10">
<attrib name="FALSE" value="1"/></item>
<item name="CLKBURST_REPEAT" rev="10">
<attrib name="FALSE" value="1"/></item>
<item name="CLKFBIN_EDGE" rev="10">
<attrib name="FALSE" value="1"/></item>
<item name="CLKFBIN_NOCOUNT" rev="10">
<attrib name="TRUE" value="1"/></item>
<item name="CLKFBOUT_EDGE" rev="10">
<attrib name="FALSE" value="1"/></item>
<item name="CLKFBOUT_EN" rev="10">
<attrib name="TRUE" value="1"/></item>
<item name="CLKFBOUT_FRAC_EN" rev="10">
<attrib name="FALSE" value="1"/></item>
<item name="CLKFBOUT_FRAC_WF" rev="10">
<attrib name="FALSE" value="1"/></item>
<item name="CLKFBOUT_NOCOUNT" rev="10">
<attrib name="TRUE" value="1"/></item>
<item name="CLKFBOUT_USE_FINE_PS" rev="10">
<attrib name="FALSE" value="1"/></item>
<item name="CLKINSEL" rev="10">
<attrib name="CLKINSEL" value="1"/><attrib name="CLKINSEL_INV" value="0"/></item>
<item name="CLKOUT0_EDGE" rev="10">
<attrib name="FALSE" value="1"/></item>
<item name="CLKOUT0_EN" rev="10">
<attrib name="FALSE" value="1"/></item>
<item name="CLKOUT0_FRAC_EN" rev="10">
<attrib name="FALSE" value="1"/></item>
<item name="CLKOUT0_FRAC_WF" rev="10">
<attrib name="FALSE" value="1"/></item>
<item name="CLKOUT0_NOCOUNT" rev="10">
<attrib name="TRUE" value="1"/></item>
<item name="CLKOUT0_USE_FINE_PS" rev="10">
<attrib name="FALSE" value="1"/></item>
<item name="CLKOUT1_EDGE" rev="10">
<attrib name="FALSE" value="1"/></item>
<item name="CLKOUT1_EN" rev="10">
<attrib name="FALSE" value="1"/></item>
<item name="CLKOUT1_NOCOUNT" rev="10">
<attrib name="TRUE" value="1"/></item>
<item name="CLKOUT1_USE_FINE_PS" rev="10">
<attrib name="FALSE" value="1"/></item>
<item name="CLKOUT2_EDGE" rev="10">
<attrib name="FALSE" value="1"/></item>
<item name="CLKOUT2_EN" rev="10">
<attrib name="FALSE" value="1"/></item>
<item name="CLKOUT2_NOCOUNT" rev="10">
<attrib name="TRUE" value="1"/></item>
<item name="CLKOUT2_USE_FINE_PS" rev="10">
<attrib name="FALSE" value="1"/></item>
<item name="CLKOUT3_EDGE" rev="10">
<attrib name="FALSE" value="1"/></item>
<item name="CLKOUT3_EN" rev="10">
<attrib name="FALSE" value="1"/></item>
<item name="CLKOUT3_NOCOUNT" rev="10">
<attrib name="TRUE" value="1"/></item>
<item name="CLKOUT3_USE_FINE_PS" rev="10">
<attrib name="FALSE" value="1"/></item>
<item name="CLKOUT4_CASCADE" rev="10">
<attrib name="TRUE" value="1"/></item>
<item name="CLKOUT4_EDGE" rev="10">
<attrib name="FALSE" value="1"/></item>
<item name="CLKOUT4_EN" rev="10">
<attrib name="FALSE" value="1"/></item>
<item name="CLKOUT4_NOCOUNT" rev="10">
<attrib name="TRUE" value="1"/></item>
<item name="CLKOUT4_USE_FINE_PS" rev="10">
<attrib name="FALSE" value="1"/></item>
<item name="CLKOUT5_EDGE" rev="10">
<attrib name="FALSE" value="1"/></item>
<item name="CLKOUT5_EN" rev="10">
<attrib name="FALSE" value="1"/></item>
<item name="CLKOUT5_FRAC_WF" rev="10">
<attrib name="FALSE" value="1"/></item>
<item name="CLKOUT5_NOCOUNT" rev="10">
<attrib name="TRUE" value="1"/></item>
<item name="CLKOUT5_USE_FINE_PS" rev="10">
<attrib name="FALSE" value="1"/></item>
<item name="CLKOUT6_EDGE" rev="10">
<attrib name="FALSE" value="1"/></item>
<item name="CLKOUT6_EN" rev="10">
<attrib name="FALSE" value="1"/></item>
<item name="CLKOUT6_FRAC_WF" rev="10">
<attrib name="FALSE" value="1"/></item>
<item name="CLKOUT6_NOCOUNT" rev="10">
<attrib name="TRUE" value="1"/></item>
<item name="CLKOUT6_USE_FINE_PS" rev="10">
<attrib name="FALSE" value="1"/></item>
<item name="CLOCK_HOLD" rev="10">
<attrib name="FALSE" value="1"/></item>
<item name="COMPENSATION" rev="10">
<attrib name="INTERNAL" value="1"/></item>
<item name="DIRECT_PATH_CNTRL" rev="10">
<attrib name="FALSE" value="1"/></item>
<item name="DIVCLK_EDGE" rev="10">
<attrib name="FALSE" value="1"/></item>
<item name="DIVCLK_NOCOUNT" rev="10">
<attrib name="TRUE" value="1"/></item>
<item name="EN_VCO_DIV1" rev="10">
<attrib name="FALSE" value="1"/></item>
<item name="EN_VCO_DIV6" rev="10">
<attrib name="FALSE" value="1"/></item>
<item name="GTS_WAIT" rev="10">
<attrib name="FALSE" value="1"/></item>
<item name="HVLF_CNT_TEST_EN" rev="10">
<attrib name="FALSE" value="1"/></item>
<item name="HVLF_STEP" rev="10">
<attrib name="FALSE" value="1"/></item>
<item name="IN_DLY_EN" rev="10">
<attrib name="TRUE" value="1"/></item>
<item name="MMCM_EN" rev="10">
<attrib name="TRUE" value="1"/></item>
<item name="PERF0_USE_CLK" rev="10">
<attrib name="FALSE" value="1"/></item>
<item name="PERF1_USE_CLK" rev="10">
<attrib name="FALSE" value="1"/></item>
<item name="PERF2_USE_CLK" rev="10">
<attrib name="FALSE" value="1"/></item>
<item name="PERF3_USE_CLK" rev="10">
<attrib name="FALSE" value="1"/></item>
<item name="PSEN" rev="10">
<attrib name="PSEN_INV" value="0"/><attrib name="PSEN" value="1"/></item>
<item name="PSINCDEC" rev="10">
<attrib name="PSINCDEC" value="1"/><attrib name="PSINCDEC_INV" value="0"/></item>
<item name="PWRDWN" rev="10">
<attrib name="PWRDWN_INV" value="0"/><attrib name="PWRDWN" value="1"/></item>
<item name="RST" rev="10">
<attrib name="RST" value="1"/><attrib name="RST_INV" value="0"/></item>
<item name="SEL_SLIPD" rev="10">
<attrib name="FALSE" value="1"/></item>
<item name="STARTUP_WAIT" rev="10">
<attrib name="FALSE" value="1"/></item>
<item name="VLF_HIGH_DIS_B" rev="10">
<attrib name="TRUE" value="1"/></item>
<item name="VLF_HIGH_PWDN_B" rev="10">
<attrib name="TRUE" value="1"/></item>
</group>
<group name="STARTUP_STARTUP">
<item name="PROG_USR" rev="10">
<attrib name="FALSE" value="1"/></item>
</group>
<group name="GTXE1">
<item name="DCLK" rev="10">
<attrib name="DCLK_INV" value="20"/><attrib name="DCLK" value="0"/></item>
<item name="RXUSRCLK" rev="10">
<attrib name="RXUSRCLK_INV" value="20"/><attrib name="RXUSRCLK" value="0"/></item>
<item name="RXUSRCLK2" rev="10">
<attrib name="RXUSRCLK2" value="0"/><attrib name="RXUSRCLK2_INV" value="20"/></item>
<item name="TSTCLK0" rev="10">
<attrib name="TSTCLK0" value="0"/><attrib name="TSTCLK0_INV" value="20"/></item>
<item name="TSTCLK1" rev="10">
<attrib name="TSTCLK1_INV" value="20"/><attrib name="TSTCLK1" value="0"/></item>
<item name="TXUSRCLK" rev="10">
<attrib name="TXUSRCLK_INV" value="20"/><attrib name="TXUSRCLK" value="0"/></item>
<item name="TXUSRCLK2" rev="10">
<attrib name="TXUSRCLK2" value="0"/><attrib name="TXUSRCLK2_INV" value="20"/></item>
</group>
<group name="GTXE1_GTXE1">
<item name="AC_CAP_DIS" rev="10">
<attrib name="TRUE" value="20"/></item>
<item name="ALIGN_COMMA_WORD" rev="10">
<attrib name="1" value="20"/></item>
<item name="CHAN_BOND_1_MAX_SKEW" rev="10">
<attrib name="7" value="20"/></item>
<item name="CHAN_BOND_2_MAX_SKEW" rev="10">
<attrib name="1" value="20"/></item>
<item name="CHAN_BOND_KEEP_ALIGN" rev="10">
<attrib name="FALSE" value="20"/></item>
<item name="CHAN_BOND_SEQ_2_USE" rev="10">
<attrib name="FALSE" value="20"/></item>
<item name="CHAN_BOND_SEQ_LEN" rev="10">
<attrib name="1" value="20"/></item>
<item name="CLK_CORRECT_USE" rev="10">
<attrib name="TRUE" value="20"/></item>
<item name="CLK_COR_ADJ_LEN" rev="10">
<attrib name="1" value="20"/></item>
<item name="CLK_COR_DET_LEN" rev="10">
<attrib name="1" value="20"/></item>
<item name="CLK_COR_INSERT_IDLE_FLAG" rev="10">
<attrib name="FALSE" value="20"/></item>
<item name="CLK_COR_KEEP_IDLE" rev="10">
<attrib name="FALSE" value="20"/></item>
<item name="CLK_COR_MAX_LAT" rev="10">
<attrib name="20" value="20"/></item>
<item name="CLK_COR_MIN_LAT" rev="10">
<attrib name="18" value="20"/></item>
<item name="CLK_COR_PRECEDENCE" rev="10">
<attrib name="TRUE" value="20"/></item>
<item name="CLK_COR_REPEAT_WAIT" rev="10">
<attrib name="0" value="20"/></item>
<item name="CLK_COR_SEQ_2_USE" rev="10">
<attrib name="FALSE" value="20"/></item>
<item name="COMMA_DOUBLE" rev="10">
<attrib name="FALSE" value="20"/></item>
<item name="DCLK" rev="10">
<attrib name="DCLK_INV" value="20"/><attrib name="DCLK" value="0"/></item>
<item name="DEC_MCOMMA_DETECT" rev="10">
<attrib name="TRUE" value="20"/></item>
<item name="DEC_PCOMMA_DETECT" rev="10">
<attrib name="TRUE" value="20"/></item>
<item name="DEC_VALID_COMMA_ONLY" rev="10">
<attrib name="TRUE" value="20"/></item>
<item name="DFE_DRP_EN" rev="10">
<attrib name="FALSE" value="20"/></item>
<item name="GEN_RXUSRCLK" rev="10">
<attrib name="TRUE" value="20"/></item>
<item name="GEN_TXUSRCLK" rev="10">
<attrib name="TRUE" value="20"/></item>
<item name="GTX_CFG_PWRUP" rev="10">
<attrib name="FALSE" value="20"/></item>
<item name="LOOPBACK_DRP_EN" rev="10">
<attrib name="FALSE" value="20"/></item>
<item name="MASTER_DRP_EN" rev="10">
<attrib name="FALSE" value="20"/></item>
<item name="MCOMMA_DETECT" rev="10">
<attrib name="TRUE" value="20"/></item>
<item name="PCI_EXPRESS_MODE" rev="10">
<attrib name="FALSE" value="20"/></item>
<item name="PCOMMA_DETECT" rev="10">
<attrib name="TRUE" value="20"/></item>
<item name="PDELIDLE_DRP_EN" rev="10">
<attrib name="FALSE" value="20"/></item>
<item name="PHASEALIGN_DRP_EN" rev="10">
<attrib name="FALSE" value="20"/></item>
<item name="PLL_DRP_EN" rev="10">
<attrib name="FALSE" value="20"/></item>
<item name="PMA_CAS_CLK_EN" rev="10">
<attrib name="FALSE" value="20"/></item>
<item name="POLARITY_DRP_EN" rev="10">
<attrib name="FALSE" value="20"/></item>
<item name="PRBS_DRP_EN" rev="10">
<attrib name="FALSE" value="20"/></item>
<item name="RCV_TERM_GND" rev="10">
<attrib name="FALSE" value="20"/></item>
<item name="RCV_TERM_VTTRX" rev="10">
<attrib name="FALSE" value="20"/></item>
<item name="RESET_DRP_EN" rev="10">
<attrib name="FALSE" value="20"/></item>
<item name="RXBUF_OVFL_THRESH" rev="10">
<attrib name="61" value="20"/></item>
<item name="RXBUF_OVRD_THRESH" rev="10">
<attrib name="FALSE" value="20"/></item>
<item name="RXBUF_UDFL_THRESH" rev="10">
<attrib name="4" value="20"/></item>
<item name="RXGEARBOX_USE" rev="10">
<attrib name="FALSE" value="20"/></item>
<item name="RXPLL_DIVSEL45_FB" rev="10">
<attrib name="5" value="20"/></item>
<item name="RXPLL_DIVSEL_FB" rev="10">
<attrib name="2" value="20"/></item>
<item name="RXPLL_DIVSEL_OUT" rev="10">
<attrib name="1" value="20"/></item>
<item name="RXPLL_DIVSEL_REF" rev="10">
<attrib name="1" value="20"/></item>
<item name="RXPLL_STARTUP_EN" rev="10">
<attrib name="TRUE" value="20"/></item>
<item name="RXRECCLK_CTRL" rev="10">
<attrib name="CLKTESTSIG1" value="20"/></item>
<item name="RXUSRCLK" rev="10">
<attrib name="RXUSRCLK_INV" value="20"/><attrib name="RXUSRCLK" value="0"/></item>
<item name="RXUSRCLK2" rev="10">
<attrib name="RXUSRCLK2" value="0"/><attrib name="RXUSRCLK2_INV" value="20"/></item>
<item name="RX_BUFFER_USE" rev="10">
<attrib name="TRUE" value="20"/></item>
<item name="RX_CDR_FORCE_ROTATE" rev="10">
<attrib name="FALSE" value="20"/></item>
<item name="RX_CLK25_DIVIDER" rev="10">
<attrib name="6" value="20"/></item>
<item name="RX_DATA_WIDTH" rev="10">
<attrib name="20" value="20"/></item>
<item name="RX_DECODE_SEQ_MATCH" rev="10">
<attrib name="TRUE" value="20"/></item>
<item name="RX_EN_IDLE_HOLD_CDR" rev="10">
<attrib name="FALSE" value="20"/></item>
<item name="RX_EN_IDLE_HOLD_DFE" rev="10">
<attrib name="TRUE" value="20"/></item>
<item name="RX_EN_IDLE_RESET_BUF" rev="10">
<attrib name="TRUE" value="20"/></item>
<item name="RX_EN_IDLE_RESET_FR" rev="10">
<attrib name="TRUE" value="20"/></item>
<item name="RX_EN_IDLE_RESET_PH" rev="10">
<attrib name="TRUE" value="20"/></item>
<item name="RX_EN_MODE_RESET_BUF" rev="10">
<attrib name="TRUE" value="20"/></item>
<item name="RX_EN_RATE_RESET_BUF" rev="10">
<attrib name="TRUE" value="20"/></item>
<item name="RX_EN_REALIGN_RESET_BUF" rev="10">
<attrib name="FALSE" value="20"/></item>
<item name="RX_EN_REALIGN_RESET_BUF2" rev="10">
<attrib name="FALSE" value="20"/></item>
<item name="RX_FIFO_ADDR_MODE" rev="10">
<attrib name="FULL" value="20"/></item>
<item name="RX_LOSS_OF_SYNC_FSM" rev="10">
<attrib name="FALSE" value="20"/></item>
<item name="RX_LOS_INVALID_INCR" rev="10">
<attrib name="1" value="20"/></item>
<item name="RX_LOS_THRESHOLD" rev="10">
<attrib name="4" value="20"/></item>
<item name="RX_OVERSAMPLE_MODE" rev="10">
<attrib name="FALSE" value="20"/></item>
<item name="RX_SLIDE_AUTO_WAIT" rev="10">
<attrib name="5" value="20"/></item>
<item name="RX_SLIDE_MODE" rev="10">
<attrib name="OFF" value="20"/></item>
<item name="RX_XCLK_SEL" rev="10">
<attrib name="RXREC" value="20"/></item>
<item name="SAS_MAX_COMSAS" rev="10">
<attrib name="52" value="20"/></item>
<item name="SAS_MIN_COMSAS" rev="10">
<attrib name="40" value="20"/></item>
<item name="SATA_MAX_BURST" rev="10">
<attrib name="7" value="20"/></item>
<item name="SATA_MAX_INIT" rev="10">
<attrib name="22" value="20"/></item>
<item name="SATA_MAX_WAKE" rev="10">
<attrib name="7" value="20"/></item>
<item name="SATA_MIN_BURST" rev="10">
<attrib name="4" value="20"/></item>
<item name="SATA_MIN_INIT" rev="10">
<attrib name="12" value="20"/></item>
<item name="SATA_MIN_WAKE" rev="10">
<attrib name="4" value="20"/></item>
<item name="SHOW_REALIGN_COMMA" rev="10">
<attrib name="TRUE" value="20"/></item>
<item name="TERMINATION_OVRD" rev="10">
<attrib name="FALSE" value="20"/></item>
<item name="TSTCLK0" rev="10">
<attrib name="TSTCLK0" value="0"/><attrib name="TSTCLK0_INV" value="20"/></item>
<item name="TSTCLK1" rev="10">
<attrib name="TSTCLK1_INV" value="20"/><attrib name="TSTCLK1" value="0"/></item>
<item name="TXDRIVE_DRP_EN" rev="10">
<attrib name="FALSE" value="20"/></item>
<item name="TXDRIVE_LOOPBACK_HIZ" rev="10">
<attrib name="FALSE" value="20"/></item>
<item name="TXDRIVE_LOOPBACK_PD" rev="10">
<attrib name="FALSE" value="20"/></item>
<item name="TXGEARBOX_USE" rev="10">
<attrib name="FALSE" value="20"/></item>
<item name="TXOUTCLKPCS_SEL" rev="10">
<attrib name="0" value="20"/></item>
<item name="TXOUTCLK_CTRL" rev="10">
<attrib name="CLKTESTSIG0" value="20"/></item>
<item name="TXPLL_DIVSEL45_FB" rev="10">
<attrib name="5" value="20"/></item>
<item name="TXPLL_DIVSEL_FB" rev="10">
<attrib name="2" value="20"/></item>
<item name="TXPLL_DIVSEL_OUT" rev="10">
<attrib name="1" value="20"/></item>
<item name="TXPLL_DIVSEL_REF" rev="10">
<attrib name="1" value="20"/></item>
<item name="TXPLL_STARTUP_EN" rev="10">
<attrib name="TRUE" value="20"/></item>
<item name="TXUSRCLK" rev="10">
<attrib name="TXUSRCLK_INV" value="20"/><attrib name="TXUSRCLK" value="0"/></item>
<item name="TXUSRCLK2" rev="10">
<attrib name="TXUSRCLK2" value="0"/><attrib name="TXUSRCLK2_INV" value="20"/></item>
<item name="TX_BUFFER_USE" rev="10">
<attrib name="TRUE" value="20"/></item>
<item name="TX_CLK25_DIVIDER" rev="10">
<attrib name="6" value="20"/></item>
<item name="TX_CLK_SOURCE" rev="10">
<attrib name="RXPLL" value="20"/></item>
<item name="TX_DATA_WIDTH" rev="10">
<attrib name="20" value="20"/></item>
<item name="TX_DRIVE_MODE" rev="10">
<attrib name="DIRECT" value="20"/></item>
<item name="TX_EN_RATE_RESET_BUF" rev="10">
<attrib name="TRUE" value="20"/></item>
<item name="TX_OVERSAMPLE_MODE" rev="10">
<attrib name="FALSE" value="20"/></item>
<item name="TX_XCLK_SEL" rev="10">
<attrib name="TXUSR" value="20"/></item>
</group>
<group name="FF_INIT">
<item name="CK" rev="10">
<attrib name="CK" value="1548"/><attrib name="CK_INV" value="24"/></item>
<item name="FFINIT" rev="10">
<attrib name="INIT0" value="1571"/><attrib name="INIT1" value="1"/></item>
<item name="FFSR" rev="10">
<attrib name="SRLOW" value="1571"/><attrib name="SRHIGH" value="1"/></item>
<item name="SYNC_ATTR" rev="10">
<attrib name="ASYNC" value="1558"/><attrib name="SYNC" value="14"/></item>
</group>
</ReportConfigData>
<ReportPinData TimeStamp="Thu May 09 09:27:57 2019"><group name="NULLMUX">
<item name="0" rev="10">
<attrib name="value" value="1"/></item>
<item name="OUT" rev="10">
<attrib name="value" value="1"/></item>
</group>
<group name="REG_INIT">
<item name="CE" rev="10">
<attrib name="value" value="58"/></item>
<item name="CK" rev="10">
<attrib name="value" value="1633"/></item>
<item name="D" rev="10">
<attrib name="value" value="1633"/></item>
<item name="Q" rev="10">
<attrib name="value" value="1633"/></item>
<item name="SR" rev="10">
<attrib name="value" value="83"/></item>
</group>
<group name="SLICEL">
<item name="A" rev="10">
<attrib name="value" value="13"/></item>
<item name="A1" rev="10">
<attrib name="value" value="12"/></item>
<item name="A2" rev="10">
<attrib name="value" value="407"/></item>
<item name="A3" rev="10">
<attrib name="value" value="409"/></item>
<item name="A4" rev="10">
<attrib name="value" value="418"/></item>
<item name="A5" rev="10">
<attrib name="value" value="430"/></item>
<item name="A6" rev="10">
<attrib name="value" value="432"/></item>
<item name="AMUX" rev="10">
<attrib name="value" value="405"/></item>
<item name="AQ" rev="10">
<attrib name="value" value="414"/></item>
<item name="AX" rev="10">
<attrib name="value" value="5"/></item>
<item name="B" rev="10">
<attrib name="value" value="12"/></item>
<item name="B1" rev="10">
<attrib name="value" value="13"/></item>
<item name="B2" rev="10">
<attrib name="value" value="409"/></item>
<item name="B3" rev="10">
<attrib name="value" value="410"/></item>
<item name="B4" rev="10">
<attrib name="value" value="416"/></item>
<item name="B5" rev="10">
<attrib name="value" value="426"/></item>
<item name="B6" rev="10">
<attrib name="value" value="427"/></item>
<item name="BMUX" rev="10">
<attrib name="value" value="409"/></item>
<item name="BQ" rev="10">
<attrib name="value" value="407"/></item>
<item name="C" rev="10">
<attrib name="value" value="10"/></item>
<item name="C1" rev="10">
<attrib name="value" value="15"/></item>
<item name="C2" rev="10">
<attrib name="value" value="407"/></item>
<item name="C3" rev="10">
<attrib name="value" value="408"/></item>
<item name="C4" rev="10">
<attrib name="value" value="414"/></item>
<item name="C5" rev="10">
<attrib name="value" value="424"/></item>
<item name="C6" rev="10">
<attrib name="value" value="425"/></item>
<item name="CE" rev="10">
<attrib name="value" value="19"/></item>
<item name="CIN" rev="10">
<attrib name="value" value="15"/></item>
<item name="CLK" rev="10">
<attrib name="value" value="424"/></item>
<item name="CMUX" rev="10">
<attrib name="value" value="406"/></item>
<item name="COUT" rev="10">
<attrib name="value" value="15"/></item>
<item name="CQ" rev="10">
<attrib name="value" value="411"/></item>
<item name="CX" rev="10">
<attrib name="value" value="3"/></item>
<item name="D" rev="10">
<attrib name="value" value="8"/></item>
<item name="D1" rev="10">
<attrib name="value" value="7"/></item>
<item name="D2" rev="10">
<attrib name="value" value="398"/></item>
<item name="D3" rev="10">
<attrib name="value" value="399"/></item>
<item name="D4" rev="10">
<attrib name="value" value="406"/></item>
<item name="D5" rev="10">
<attrib name="value" value="415"/></item>
<item name="D6" rev="10">
<attrib name="value" value="415"/></item>
<item name="DMUX" rev="10">
<attrib name="value" value="401"/></item>
<item name="DQ" rev="10">
<attrib name="value" value="401"/></item>
<item name="DX" rev="10">
<attrib name="value" value="3"/></item>
<item name="SR" rev="10">
<attrib name="value" value="34"/></item>
</group>
<group name="IOB_OUTBUF">
<item name="IN" rev="10">
<attrib name="value" value="60"/></item>
<item name="OUT" rev="10">
<attrib name="value" value="60"/></item>
</group>
<group name="MMCM_ADV">
<item name="CLKFBIN" rev="10">
<attrib name="value" value="1"/></item>
<item name="CLKFBOUT" rev="10">
<attrib name="value" value="1"/></item>
<item name="CLKIN1" rev="10">
<attrib name="value" value="1"/></item>
<item name="CLKIN2" rev="10">
<attrib name="value" value="1"/></item>
<item name="CLKINSEL" rev="10">
<attrib name="value" value="1"/></item>
<item name="CLKOUT0" rev="10">
<attrib name="value" value="1"/></item>
<item name="CLKOUT2" rev="10">
<attrib name="value" value="1"/></item>
<item name="DADDR0" rev="10">
<attrib name="value" value="1"/></item>
<item name="DADDR1" rev="10">
<attrib name="value" value="1"/></item>
<item name="DADDR2" rev="10">
<attrib name="value" value="1"/></item>
<item name="DADDR3" rev="10">
<attrib name="value" value="1"/></item>
<item name="DADDR4" rev="10">
<attrib name="value" value="1"/></item>
<item name="DADDR5" rev="10">
<attrib name="value" value="1"/></item>
<item name="DADDR6" rev="10">
<attrib name="value" value="1"/></item>
<item name="DCLK" rev="10">
<attrib name="value" value="1"/></item>
<item name="DEN" rev="10">
<attrib name="value" value="1"/></item>
<item name="DI0" rev="10">
<attrib name="value" value="1"/></item>
<item name="DI1" rev="10">
<attrib name="value" value="1"/></item>
<item name="DI10" rev="10">
<attrib name="value" value="1"/></item>
<item name="DI11" rev="10">
<attrib name="value" value="1"/></item>
<item name="DI12" rev="10">
<attrib name="value" value="1"/></item>
<item name="DI13" rev="10">
<attrib name="value" value="1"/></item>
<item name="DI14" rev="10">
<attrib name="value" value="1"/></item>
<item name="DI15" rev="10">
<attrib name="value" value="1"/></item>
<item name="DI2" rev="10">
<attrib name="value" value="1"/></item>
<item name="DI3" rev="10">
<attrib name="value" value="1"/></item>
<item name="DI4" rev="10">
<attrib name="value" value="1"/></item>
<item name="DI5" rev="10">
<attrib name="value" value="1"/></item>
<item name="DI6" rev="10">
<attrib name="value" value="1"/></item>
<item name="DI7" rev="10">
<attrib name="value" value="1"/></item>
<item name="DI8" rev="10">
<attrib name="value" value="1"/></item>
<item name="DI9" rev="10">
<attrib name="value" value="1"/></item>
<item name="DWE" rev="10">
<attrib name="value" value="1"/></item>
<item name="LOCKED" rev="10">
<attrib name="value" value="1"/></item>
<item name="PSCLK" rev="10">
<attrib name="value" value="1"/></item>
<item name="PSEN" rev="10">
<attrib name="value" value="1"/></item>
<item name="PSINCDEC" rev="10">
<attrib name="value" value="1"/></item>
<item name="PWRDWN" rev="10">
<attrib name="value" value="1"/></item>
<item name="RST" rev="10">
<attrib name="value" value="1"/></item>
</group>
<group name="BUFG_BUFG">
<item name="I0" rev="10">
<attrib name="value" value="2"/></item>
<item name="O" rev="10">
<attrib name="value" value="2"/></item>
</group>
<group name="PAD">
<item name="PAD" rev="10">
<attrib name="value" value="72"/></item>
</group>
<group name="IOB_INBUF">
<item name="DIFFI_IN" rev="10">
<attrib name="value" value="1"/></item>
<item name="OUT" rev="10">
<attrib name="value" value="11"/></item>
<item name="PAD" rev="10">
<attrib name="value" value="11"/></item>
</group>
<group name="CARRY4">
<item name="CIN" rev="10">
<attrib name="value" value="15"/></item>
<item name="CO3" rev="10">
<attrib name="value" value="15"/></item>
<item name="CYINIT" rev="10">
<attrib name="value" value="3"/></item>
<item name="DI0" rev="10">
<attrib name="value" value="17"/></item>
<item name="DI1" rev="10">
<attrib name="value" value="16"/></item>
<item name="DI2" rev="10">
<attrib name="value" value="15"/></item>
<item name="DI3" rev="10">
<attrib name="value" value="15"/></item>
<item name="O0" rev="10">
<attrib name="value" value="18"/></item>
<item name="O1" rev="10">
<attrib name="value" value="17"/></item>
<item name="O2" rev="10">
<attrib name="value" value="16"/></item>
<item name="O3" rev="10">
<attrib name="value" value="15"/></item>
<item name="S0" rev="10">
<attrib name="value" value="18"/></item>
<item name="S1" rev="10">
<attrib name="value" value="17"/></item>
<item name="S2" rev="10">
<attrib name="value" value="16"/></item>
<item name="S3" rev="10">
<attrib name="value" value="15"/></item>
</group>
<group name="LUT5">
<item name="A1" rev="10">
<attrib name="value" value="13"/></item>
<item name="A2" rev="10">
<attrib name="value" value="1578"/></item>
<item name="A3" rev="10">
<attrib name="value" value="1046"/></item>
<item name="A4" rev="10">
<attrib name="value" value="1415"/></item>
<item name="A5" rev="10">
<attrib name="value" value="709"/></item>
<item name="O5" rev="10">
<attrib name="value" value="1647"/></item>
</group>
<group name="MMCM_ADV_MMCM_ADV">
<item name="CLKFBIN" rev="10">
<attrib name="value" value="1"/></item>
<item name="CLKFBOUT" rev="10">
<attrib name="value" value="1"/></item>
<item name="CLKIN1" rev="10">
<attrib name="value" value="1"/></item>
<item name="CLKIN2" rev="10">
<attrib name="value" value="1"/></item>
<item name="CLKINSEL" rev="10">
<attrib name="value" value="1"/></item>
<item name="CLKOUT0" rev="10">
<attrib name="value" value="1"/></item>
<item name="CLKOUT2" rev="10">
<attrib name="value" value="1"/></item>
<item name="DADDR0" rev="10">
<attrib name="value" value="1"/></item>
<item name="DADDR1" rev="10">
<attrib name="value" value="1"/></item>
<item name="DADDR2" rev="10">
<attrib name="value" value="1"/></item>
<item name="DADDR3" rev="10">
<attrib name="value" value="1"/></item>
<item name="DADDR4" rev="10">
<attrib name="value" value="1"/></item>
<item name="DADDR5" rev="10">
<attrib name="value" value="1"/></item>
<item name="DADDR6" rev="10">
<attrib name="value" value="1"/></item>
<item name="DCLK" rev="10">
<attrib name="value" value="1"/></item>
<item name="DEN" rev="10">
<attrib name="value" value="1"/></item>
<item name="DI0" rev="10">
<attrib name="value" value="1"/></item>
<item name="DI1" rev="10">
<attrib name="value" value="1"/></item>
<item name="DI10" rev="10">
<attrib name="value" value="1"/></item>
<item name="DI11" rev="10">
<attrib name="value" value="1"/></item>
<item name="DI12" rev="10">
<attrib name="value" value="1"/></item>
<item name="DI13" rev="10">
<attrib name="value" value="1"/></item>
<item name="DI14" rev="10">
<attrib name="value" value="1"/></item>
<item name="DI15" rev="10">
<attrib name="value" value="1"/></item>
<item name="DI2" rev="10">
<attrib name="value" value="1"/></item>
<item name="DI3" rev="10">
<attrib name="value" value="1"/></item>
<item name="DI4" rev="10">
<attrib name="value" value="1"/></item>
<item name="DI5" rev="10">
<attrib name="value" value="1"/></item>
<item name="DI6" rev="10">
<attrib name="value" value="1"/></item>
<item name="DI7" rev="10">
<attrib name="value" value="1"/></item>
<item name="DI8" rev="10">
<attrib name="value" value="1"/></item>
<item name="DI9" rev="10">
<attrib name="value" value="1"/></item>
<item name="DWE" rev="10">
<attrib name="value" value="1"/></item>
<item name="LOCKED" rev="10">
<attrib name="value" value="1"/></item>
<item name="PSCLK" rev="10">
<attrib name="value" value="1"/></item>
<item name="PSEN" rev="10">
<attrib name="value" value="1"/></item>
<item name="PSINCDEC" rev="10">
<attrib name="value" value="1"/></item>
<item name="PWRDWN" rev="10">
<attrib name="value" value="1"/></item>
<item name="RST" rev="10">
<attrib name="value" value="1"/></item>
</group>
<group name="LUT6">
<item name="A1" rev="10">
<attrib name="value" value="36"/></item>
<item name="A2" rev="10">
<attrib name="value" value="1236"/></item>
<item name="A3" rev="10">
<attrib name="value" value="1624"/></item>
<item name="A4" rev="10">
<attrib name="value" value="467"/></item>
<item name="A5" rev="10">
<attrib name="value" value="1695"/></item>
<item name="A6" rev="10">
<attrib name="value" value="1699"/></item>
<item name="O6" rev="10">
<attrib name="value" value="1699"/></item>
</group>
<group name="STARTUP_STARTUP">
<item name="CFGMCLK" rev="10">
<attrib name="value" value="1"/></item>
<item name="CLK" rev="10">
<attrib name="value" value="1"/></item>
<item name="GSR" rev="10">
<attrib name="value" value="1"/></item>
<item name="GTS" rev="10">
<attrib name="value" value="1"/></item>
<item name="KEYCLEARB" rev="10">
<attrib name="value" value="1"/></item>
<item name="PACK" rev="10">
<attrib name="value" value="1"/></item>
<item name="USRCCLKO" rev="10">
<attrib name="value" value="1"/></item>
<item name="USRCCLKTS" rev="10">
<attrib name="value" value="1"/></item>
<item name="USRDONEO" rev="10">
<attrib name="value" value="1"/></item>
<item name="USRDONETS" rev="10">
<attrib name="value" value="1"/></item>
</group>
<group name="STARTUP">
<item name="CFGMCLK" rev="10">
<attrib name="value" value="1"/></item>
<item name="CLK" rev="10">
<attrib name="value" value="1"/></item>
<item name="GSR" rev="10">
<attrib name="value" value="1"/></item>
<item name="GTS" rev="10">
<attrib name="value" value="1"/></item>
<item name="KEYCLEARB" rev="10">
<attrib name="value" value="1"/></item>
<item name="PACK" rev="10">
<attrib name="value" value="1"/></item>
<item name="USRCCLKO" rev="10">
<attrib name="value" value="1"/></item>
<item name="USRCCLKTS" rev="10">
<attrib name="value" value="1"/></item>
<item name="USRDONEO" rev="10">
<attrib name="value" value="1"/></item>
<item name="USRDONETS" rev="10">
<attrib name="value" value="1"/></item>
</group>
<group name="GTXE1">
<item name="CLKTESTSIG0" rev="10">
<attrib name="value" value="20"/></item>
<item name="CLKTESTSIG1" rev="10">
<attrib name="value" value="20"/></item>
<item name="DADDR0" rev="10">
<attrib name="value" value="20"/></item>
<item name="DADDR1" rev="10">
<attrib name="value" value="20"/></item>
<item name="DADDR2" rev="10">
<attrib name="value" value="20"/></item>
<item name="DADDR3" rev="10">
<attrib name="value" value="20"/></item>
<item name="DADDR4" rev="10">
<attrib name="value" value="20"/></item>
<item name="DADDR5" rev="10">
<attrib name="value" value="20"/></item>
<item name="DADDR6" rev="10">
<attrib name="value" value="20"/></item>
<item name="DADDR7" rev="10">
<attrib name="value" value="20"/></item>
<item name="DCLK" rev="10">
<attrib name="value" value="20"/></item>
<item name="DEN" rev="10">
<attrib name="value" value="20"/></item>
<item name="DFECLKDLYADJ0" rev="10">
<attrib name="value" value="20"/></item>
<item name="DFECLKDLYADJ1" rev="10">
<attrib name="value" value="20"/></item>
<item name="DFECLKDLYADJ2" rev="10">
<attrib name="value" value="20"/></item>
<item name="DFECLKDLYADJ3" rev="10">
<attrib name="value" value="20"/></item>
<item name="DFECLKDLYADJ4" rev="10">
<attrib name="value" value="20"/></item>
<item name="DFECLKDLYADJ5" rev="10">
<attrib name="value" value="20"/></item>
<item name="DFEDLYOVRD" rev="10">
<attrib name="value" value="20"/></item>
<item name="DFETAP10" rev="10">
<attrib name="value" value="20"/></item>
<item name="DFETAP11" rev="10">
<attrib name="value" value="20"/></item>
<item name="DFETAP12" rev="10">
<attrib name="value" value="20"/></item>
<item name="DFETAP13" rev="10">
<attrib name="value" value="20"/></item>
<item name="DFETAP14" rev="10">
<attrib name="value" value="20"/></item>
<item name="DFETAP20" rev="10">
<attrib name="value" value="20"/></item>
<item name="DFETAP21" rev="10">
<attrib name="value" value="20"/></item>
<item name="DFETAP22" rev="10">
<attrib name="value" value="20"/></item>
<item name="DFETAP23" rev="10">
<attrib name="value" value="20"/></item>
<item name="DFETAP24" rev="10">
<attrib name="value" value="20"/></item>
<item name="DFETAP30" rev="10">
<attrib name="value" value="20"/></item>
<item name="DFETAP31" rev="10">
<attrib name="value" value="20"/></item>
<item name="DFETAP32" rev="10">
<attrib name="value" value="20"/></item>
<item name="DFETAP33" rev="10">
<attrib name="value" value="20"/></item>
<item name="DFETAP40" rev="10">
<attrib name="value" value="20"/></item>
<item name="DFETAP41" rev="10">
<attrib name="value" value="20"/></item>
<item name="DFETAP42" rev="10">
<attrib name="value" value="20"/></item>
<item name="DFETAP43" rev="10">
<attrib name="value" value="20"/></item>
<item name="DFETAPOVRD" rev="10">
<attrib name="value" value="20"/></item>
<item name="DI0" rev="10">
<attrib name="value" value="20"/></item>
<item name="DI1" rev="10">
<attrib name="value" value="20"/></item>
<item name="DI10" rev="10">
<attrib name="value" value="20"/></item>
<item name="DI11" rev="10">
<attrib name="value" value="20"/></item>
<item name="DI12" rev="10">
<attrib name="value" value="20"/></item>
<item name="DI13" rev="10">
<attrib name="value" value="20"/></item>
<item name="DI14" rev="10">
<attrib name="value" value="20"/></item>
<item name="DI15" rev="10">
<attrib name="value" value="20"/></item>
<item name="DI2" rev="10">
<attrib name="value" value="20"/></item>
<item name="DI3" rev="10">
<attrib name="value" value="20"/></item>
<item name="DI4" rev="10">
<attrib name="value" value="20"/></item>
<item name="DI5" rev="10">
<attrib name="value" value="20"/></item>
<item name="DI6" rev="10">
<attrib name="value" value="20"/></item>
<item name="DI7" rev="10">
<attrib name="value" value="20"/></item>
<item name="DI8" rev="10">
<attrib name="value" value="20"/></item>
<item name="DI9" rev="10">
<attrib name="value" value="20"/></item>
<item name="DWE" rev="10">
<attrib name="value" value="20"/></item>
<item name="GATERXELECIDLE" rev="10">
<attrib name="value" value="20"/></item>
<item name="GTXRXRESET" rev="10">
<attrib name="value" value="20"/></item>
<item name="GTXTEST0" rev="10">
<attrib name="value" value="20"/></item>
<item name="GTXTEST1" rev="10">
<attrib name="value" value="20"/></item>
<item name="GTXTEST10" rev="10">
<attrib name="value" value="20"/></item>
<item name="GTXTEST11" rev="10">
<attrib name="value" value="20"/></item>
<item name="GTXTEST12" rev="10">
<attrib name="value" value="20"/></item>
<item name="GTXTEST2" rev="10">
<attrib name="value" value="20"/></item>
<item name="GTXTEST3" rev="10">
<attrib name="value" value="20"/></item>
<item name="GTXTEST4" rev="10">
<attrib name="value" value="20"/></item>
<item name="GTXTEST5" rev="10">
<attrib name="value" value="20"/></item>
<item name="GTXTEST6" rev="10">
<attrib name="value" value="20"/></item>
<item name="GTXTEST7" rev="10">
<attrib name="value" value="20"/></item>
<item name="GTXTEST8" rev="10">
<attrib name="value" value="20"/></item>
<item name="GTXTEST9" rev="10">
<attrib name="value" value="20"/></item>
<item name="GTXTXRESET" rev="10">
<attrib name="value" value="20"/></item>
<item name="IGNORESIGDET" rev="10">
<attrib name="value" value="20"/></item>
<item name="LOOPBACK0" rev="10">
<attrib name="value" value="20"/></item>
<item name="LOOPBACK1" rev="10">
<attrib name="value" value="20"/></item>
<item name="LOOPBACK2" rev="10">
<attrib name="value" value="20"/></item>
<item name="PLLRXRESET" rev="10">
<attrib name="value" value="20"/></item>
<item name="PLLTXRESET" rev="10">
<attrib name="value" value="20"/></item>
<item name="PRBSCNTRESET" rev="10">
<attrib name="value" value="20"/></item>
<item name="RXBUFRESET" rev="10">
<attrib name="value" value="20"/></item>
<item name="RXCDRRESET" rev="10">
<attrib name="value" value="20"/></item>
<item name="RXCHBONDI0" rev="10">
<attrib name="value" value="20"/></item>
<item name="RXCHBONDI1" rev="10">
<attrib name="value" value="20"/></item>
<item name="RXCHBONDI2" rev="10">
<attrib name="value" value="20"/></item>
<item name="RXCHBONDI3" rev="10">
<attrib name="value" value="20"/></item>
<item name="RXCHBONDLEVEL0" rev="10">
<attrib name="value" value="20"/></item>
<item name="RXCHBONDLEVEL1" rev="10">
<attrib name="value" value="20"/></item>
<item name="RXCHBONDLEVEL2" rev="10">
<attrib name="value" value="20"/></item>
<item name="RXCHBONDMASTER" rev="10">
<attrib name="value" value="20"/></item>
<item name="RXCHBONDSLAVE" rev="10">
<attrib name="value" value="20"/></item>
<item name="RXCOMMADETUSE" rev="10">
<attrib name="value" value="20"/></item>
<item name="RXDEC8B10BUSE" rev="10">
<attrib name="value" value="20"/></item>
<item name="RXDLYALIGNDISABLE" rev="10">
<attrib name="value" value="20"/></item>
<item name="RXDLYALIGNMONENB" rev="10">
<attrib name="value" value="20"/></item>
<item name="RXDLYALIGNOVERRIDE" rev="10">
<attrib name="value" value="20"/></item>
<item name="RXDLYALIGNRESET" rev="10">
<attrib name="value" value="20"/></item>
<item name="RXDLYALIGNSWPPRECURB" rev="10">
<attrib name="value" value="20"/></item>
<item name="RXDLYALIGNUPDSW" rev="10">
<attrib name="value" value="20"/></item>
<item name="RXENCHANSYNC" rev="10">
<attrib name="value" value="20"/></item>
<item name="RXENMCOMMAALIGN" rev="10">
<attrib name="value" value="20"/></item>
<item name="RXENPCOMMAALIGN" rev="10">
<attrib name="value" value="20"/></item>
<item name="RXENPMAPHASEALIGN" rev="10">
<attrib name="value" value="20"/></item>
<item name="RXENPRBSTST0" rev="10">
<attrib name="value" value="20"/></item>
<item name="RXENPRBSTST1" rev="10">
<attrib name="value" value="20"/></item>
<item name="RXENPRBSTST2" rev="10">
<attrib name="value" value="20"/></item>
<item name="RXENSAMPLEALIGN" rev="10">
<attrib name="value" value="20"/></item>
<item name="RXEQMIX0" rev="10">
<attrib name="value" value="20"/></item>
<item name="RXEQMIX1" rev="10">
<attrib name="value" value="20"/></item>
<item name="RXEQMIX2" rev="10">
<attrib name="value" value="20"/></item>
<item name="RXEQMIX3" rev="10">
<attrib name="value" value="20"/></item>
<item name="RXEQMIX4" rev="10">
<attrib name="value" value="20"/></item>
<item name="RXEQMIX5" rev="10">
<attrib name="value" value="20"/></item>
<item name="RXEQMIX6" rev="10">
<attrib name="value" value="20"/></item>
<item name="RXEQMIX7" rev="10">
<attrib name="value" value="20"/></item>
<item name="RXEQMIX8" rev="10">
<attrib name="value" value="20"/></item>
<item name="RXEQMIX9" rev="10">
<attrib name="value" value="20"/></item>
<item name="RXGEARBOXSLIP" rev="10">
<attrib name="value" value="20"/></item>
<item name="RXPLLLKDETEN" rev="10">
<attrib name="value" value="20"/></item>
<item name="RXPLLPOWERDOWN" rev="10">
<attrib name="value" value="20"/></item>
<item name="RXPLLREFSELDY0" rev="10">
<attrib name="value" value="20"/></item>
<item name="RXPLLREFSELDY1" rev="10">
<attrib name="value" value="20"/></item>
<item name="RXPLLREFSELDY2" rev="10">
<attrib name="value" value="20"/></item>
<item name="RXPMASETPHASE" rev="10">
<attrib name="value" value="20"/></item>
<item name="RXPOLARITY" rev="10">
<attrib name="value" value="20"/></item>
<item name="RXPOWERDOWN0" rev="10">
<attrib name="value" value="20"/></item>
<item name="RXPOWERDOWN1" rev="10">
<attrib name="value" value="20"/></item>
<item name="RXRATE0" rev="10">
<attrib name="value" value="20"/></item>
<item name="RXRATE1" rev="10">
<attrib name="value" value="20"/></item>
<item name="RXRESET" rev="10">
<attrib name="value" value="20"/></item>
<item name="RXSLIDE" rev="10">
<attrib name="value" value="20"/></item>
<item name="RXUSRCLK" rev="10">
<attrib name="value" value="20"/></item>
<item name="RXUSRCLK2" rev="10">
<attrib name="value" value="20"/></item>
<item name="TSTCLK0" rev="10">
<attrib name="value" value="20"/></item>
<item name="TSTCLK1" rev="10">
<attrib name="value" value="20"/></item>
<item name="TSTIN0" rev="10">
<attrib name="value" value="20"/></item>
<item name="TSTIN1" rev="10">
<attrib name="value" value="20"/></item>
<item name="TSTIN10" rev="10">
<attrib name="value" value="20"/></item>
<item name="TSTIN11" rev="10">
<attrib name="value" value="20"/></item>
<item name="TSTIN12" rev="10">
<attrib name="value" value="20"/></item>
<item name="TSTIN13" rev="10">
<attrib name="value" value="20"/></item>
<item name="TSTIN14" rev="10">
<attrib name="value" value="20"/></item>
<item name="TSTIN15" rev="10">
<attrib name="value" value="20"/></item>
<item name="TSTIN16" rev="10">
<attrib name="value" value="20"/></item>
<item name="TSTIN17" rev="10">
<attrib name="value" value="20"/></item>
<item name="TSTIN18" rev="10">
<attrib name="value" value="20"/></item>
<item name="TSTIN19" rev="10">
<attrib name="value" value="20"/></item>
<item name="TSTIN2" rev="10">
<attrib name="value" value="20"/></item>
<item name="TSTIN3" rev="10">
<attrib name="value" value="20"/></item>
<item name="TSTIN4" rev="10">
<attrib name="value" value="20"/></item>
<item name="TSTIN5" rev="10">
<attrib name="value" value="20"/></item>
<item name="TSTIN6" rev="10">
<attrib name="value" value="20"/></item>
<item name="TSTIN7" rev="10">
<attrib name="value" value="20"/></item>
<item name="TSTIN8" rev="10">
<attrib name="value" value="20"/></item>
<item name="TSTIN9" rev="10">
<attrib name="value" value="20"/></item>
<item name="TXBUFDIFFCTRL0" rev="10">
<attrib name="value" value="20"/></item>
<item name="TXBUFDIFFCTRL1" rev="10">
<attrib name="value" value="20"/></item>
<item name="TXBUFDIFFCTRL2" rev="10">
<attrib name="value" value="20"/></item>
<item name="TXBYPASS8B10B0" rev="10">
<attrib name="value" value="20"/></item>
<item name="TXBYPASS8B10B1" rev="10">
<attrib name="value" value="20"/></item>
<item name="TXBYPASS8B10B2" rev="10">
<attrib name="value" value="20"/></item>
<item name="TXBYPASS8B10B3" rev="10">
<attrib name="value" value="20"/></item>
<item name="TXCHARDISPMODE0" rev="10">
<attrib name="value" value="20"/></item>
<item name="TXCHARDISPMODE1" rev="10">
<attrib name="value" value="20"/></item>
<item name="TXCHARDISPMODE2" rev="10">
<attrib name="value" value="20"/></item>
<item name="TXCHARDISPMODE3" rev="10">
<attrib name="value" value="20"/></item>
<item name="TXCHARDISPVAL0" rev="10">
<attrib name="value" value="20"/></item>
<item name="TXCHARDISPVAL1" rev="10">
<attrib name="value" value="20"/></item>
<item name="TXCHARDISPVAL2" rev="10">
<attrib name="value" value="20"/></item>
<item name="TXCHARDISPVAL3" rev="10">
<attrib name="value" value="20"/></item>
<item name="TXCHARISK0" rev="10">
<attrib name="value" value="20"/></item>
<item name="TXCHARISK1" rev="10">
<attrib name="value" value="20"/></item>
<item name="TXCHARISK2" rev="10">
<attrib name="value" value="20"/></item>
<item name="TXCHARISK3" rev="10">
<attrib name="value" value="20"/></item>
<item name="TXCOMINIT" rev="10">
<attrib name="value" value="20"/></item>
<item name="TXCOMSAS" rev="10">
<attrib name="value" value="20"/></item>
<item name="TXCOMWAKE" rev="10">
<attrib name="value" value="20"/></item>
<item name="TXDATA0" rev="10">
<attrib name="value" value="20"/></item>
<item name="TXDATA1" rev="10">
<attrib name="value" value="20"/></item>
<item name="TXDATA10" rev="10">
<attrib name="value" value="20"/></item>
<item name="TXDATA11" rev="10">
<attrib name="value" value="20"/></item>
<item name="TXDATA12" rev="10">
<attrib name="value" value="20"/></item>
<item name="TXDATA13" rev="10">
<attrib name="value" value="20"/></item>
<item name="TXDATA14" rev="10">
<attrib name="value" value="20"/></item>
<item name="TXDATA15" rev="10">
<attrib name="value" value="20"/></item>
<item name="TXDATA16" rev="10">
<attrib name="value" value="20"/></item>
<item name="TXDATA17" rev="10">
<attrib name="value" value="20"/></item>
<item name="TXDATA18" rev="10">
<attrib name="value" value="20"/></item>
<item name="TXDATA19" rev="10">
<attrib name="value" value="20"/></item>
<item name="TXDATA2" rev="10">
<attrib name="value" value="20"/></item>
<item name="TXDATA20" rev="10">
<attrib name="value" value="20"/></item>
<item name="TXDATA21" rev="10">
<attrib name="value" value="20"/></item>
<item name="TXDATA22" rev="10">
<attrib name="value" value="20"/></item>
<item name="TXDATA23" rev="10">
<attrib name="value" value="20"/></item>
<item name="TXDATA24" rev="10">
<attrib name="value" value="20"/></item>
<item name="TXDATA25" rev="10">
<attrib name="value" value="20"/></item>
<item name="TXDATA26" rev="10">
<attrib name="value" value="20"/></item>
<item name="TXDATA27" rev="10">
<attrib name="value" value="20"/></item>
<item name="TXDATA28" rev="10">
<attrib name="value" value="20"/></item>
<item name="TXDATA29" rev="10">
<attrib name="value" value="20"/></item>
<item name="TXDATA3" rev="10">
<attrib name="value" value="20"/></item>
<item name="TXDATA30" rev="10">
<attrib name="value" value="20"/></item>
<item name="TXDATA31" rev="10">
<attrib name="value" value="20"/></item>
<item name="TXDATA4" rev="10">
<attrib name="value" value="20"/></item>
<item name="TXDATA5" rev="10">
<attrib name="value" value="20"/></item>
<item name="TXDATA6" rev="10">
<attrib name="value" value="20"/></item>
<item name="TXDATA7" rev="10">
<attrib name="value" value="20"/></item>
<item name="TXDATA8" rev="10">
<attrib name="value" value="20"/></item>
<item name="TXDATA9" rev="10">
<attrib name="value" value="20"/></item>
<item name="TXDEEMPH" rev="10">
<attrib name="value" value="20"/></item>
<item name="TXDETECTRX" rev="10">
<attrib name="value" value="20"/></item>
<item name="TXDIFFCTRL0" rev="10">
<attrib name="value" value="20"/></item>
<item name="TXDIFFCTRL1" rev="10">
<attrib name="value" value="20"/></item>
<item name="TXDIFFCTRL2" rev="10">
<attrib name="value" value="20"/></item>
<item name="TXDIFFCTRL3" rev="10">
<attrib name="value" value="20"/></item>
<item name="TXDLYALIGNDISABLE" rev="10">
<attrib name="value" value="20"/></item>
<item name="TXDLYALIGNMONENB" rev="10">
<attrib name="value" value="20"/></item>
<item name="TXDLYALIGNOVERRIDE" rev="10">
<attrib name="value" value="20"/></item>
<item name="TXDLYALIGNRESET" rev="10">
<attrib name="value" value="20"/></item>
<item name="TXDLYALIGNUPDSW" rev="10">
<attrib name="value" value="20"/></item>
<item name="TXELECIDLE" rev="10">
<attrib name="value" value="20"/></item>
<item name="TXENC8B10BUSE" rev="10">
<attrib name="value" value="20"/></item>
<item name="TXENPMAPHASEALIGN" rev="10">
<attrib name="value" value="20"/></item>
<item name="TXENPRBSTST0" rev="10">
<attrib name="value" value="20"/></item>
<item name="TXENPRBSTST1" rev="10">
<attrib name="value" value="20"/></item>
<item name="TXENPRBSTST2" rev="10">
<attrib name="value" value="20"/></item>
<item name="TXHEADER0" rev="10">
<attrib name="value" value="20"/></item>
<item name="TXHEADER1" rev="10">
<attrib name="value" value="20"/></item>
<item name="TXHEADER2" rev="10">
<attrib name="value" value="20"/></item>
<item name="TXINHIBIT" rev="10">
<attrib name="value" value="20"/></item>
<item name="TXMARGIN0" rev="10">
<attrib name="value" value="20"/></item>
<item name="TXMARGIN1" rev="10">
<attrib name="value" value="20"/></item>
<item name="TXMARGIN2" rev="10">
<attrib name="value" value="20"/></item>
<item name="TXPDOWNASYNCH" rev="10">
<attrib name="value" value="20"/></item>
<item name="TXPLLLKDETEN" rev="10">
<attrib name="value" value="20"/></item>
<item name="TXPLLPOWERDOWN" rev="10">
<attrib name="value" value="20"/></item>
<item name="TXPLLREFSELDY0" rev="10">
<attrib name="value" value="20"/></item>
<item name="TXPLLREFSELDY1" rev="10">
<attrib name="value" value="20"/></item>
<item name="TXPLLREFSELDY2" rev="10">
<attrib name="value" value="20"/></item>
<item name="TXPMASETPHASE" rev="10">
<attrib name="value" value="20"/></item>
<item name="TXPOLARITY" rev="10">
<attrib name="value" value="20"/></item>
<item name="TXPOSTEMPHASIS0" rev="10">
<attrib name="value" value="20"/></item>
<item name="TXPOSTEMPHASIS1" rev="10">
<attrib name="value" value="20"/></item>
<item name="TXPOSTEMPHASIS2" rev="10">
<attrib name="value" value="20"/></item>
<item name="TXPOSTEMPHASIS3" rev="10">
<attrib name="value" value="20"/></item>
<item name="TXPOSTEMPHASIS4" rev="10">
<attrib name="value" value="20"/></item>
<item name="TXPOWERDOWN0" rev="10">
<attrib name="value" value="20"/></item>
<item name="TXPOWERDOWN1" rev="10">
<attrib name="value" value="20"/></item>
<item name="TXPRBSFORCEERR" rev="10">
<attrib name="value" value="20"/></item>
<item name="TXPREEMPHASIS0" rev="10">
<attrib name="value" value="20"/></item>
<item name="TXPREEMPHASIS1" rev="10">
<attrib name="value" value="20"/></item>
<item name="TXPREEMPHASIS2" rev="10">
<attrib name="value" value="20"/></item>
<item name="TXPREEMPHASIS3" rev="10">
<attrib name="value" value="20"/></item>
<item name="TXRATE0" rev="10">
<attrib name="value" value="20"/></item>
<item name="TXRATE1" rev="10">
<attrib name="value" value="20"/></item>
<item name="TXRESET" rev="10">
<attrib name="value" value="20"/></item>
<item name="TXSEQUENCE0" rev="10">
<attrib name="value" value="20"/></item>
<item name="TXSEQUENCE1" rev="10">
<attrib name="value" value="20"/></item>
<item name="TXSEQUENCE2" rev="10">
<attrib name="value" value="20"/></item>
<item name="TXSEQUENCE3" rev="10">
<attrib name="value" value="20"/></item>
<item name="TXSEQUENCE4" rev="10">
<attrib name="value" value="20"/></item>
<item name="TXSEQUENCE5" rev="10">
<attrib name="value" value="20"/></item>
<item name="TXSEQUENCE6" rev="10">
<attrib name="value" value="20"/></item>
<item name="TXSTARTSEQ" rev="10">
<attrib name="value" value="20"/></item>
<item name="TXSWING" rev="10">
<attrib name="value" value="20"/></item>
<item name="TXUSRCLK" rev="10">
<attrib name="value" value="20"/></item>
<item name="TXUSRCLK2" rev="10">
<attrib name="value" value="20"/></item>
<item name="USRCODEERR" rev="10">
<attrib name="value" value="20"/></item>
</group>
<group name="GTXE1_GTXE1">
<item name="CLKTESTSIG0" rev="10">
<attrib name="value" value="20"/></item>
<item name="CLKTESTSIG1" rev="10">
<attrib name="value" value="20"/></item>
<item name="DADDR0" rev="10">
<attrib name="value" value="20"/></item>
<item name="DADDR1" rev="10">
<attrib name="value" value="20"/></item>
<item name="DADDR2" rev="10">
<attrib name="value" value="20"/></item>
<item name="DADDR3" rev="10">
<attrib name="value" value="20"/></item>
<item name="DADDR4" rev="10">
<attrib name="value" value="20"/></item>
<item name="DADDR5" rev="10">
<attrib name="value" value="20"/></item>
<item name="DADDR6" rev="10">
<attrib name="value" value="20"/></item>
<item name="DADDR7" rev="10">
<attrib name="value" value="20"/></item>
<item name="DCLK" rev="10">
<attrib name="value" value="20"/></item>
<item name="DEN" rev="10">
<attrib name="value" value="20"/></item>
<item name="DFECLKDLYADJ0" rev="10">
<attrib name="value" value="20"/></item>
<item name="DFECLKDLYADJ1" rev="10">
<attrib name="value" value="20"/></item>
<item name="DFECLKDLYADJ2" rev="10">
<attrib name="value" value="20"/></item>
<item name="DFECLKDLYADJ3" rev="10">
<attrib name="value" value="20"/></item>
<item name="DFECLKDLYADJ4" rev="10">
<attrib name="value" value="20"/></item>
<item name="DFECLKDLYADJ5" rev="10">
<attrib name="value" value="20"/></item>
<item name="DFEDLYOVRD" rev="10">
<attrib name="value" value="20"/></item>
<item name="DFETAP10" rev="10">
<attrib name="value" value="20"/></item>
<item name="DFETAP11" rev="10">
<attrib name="value" value="20"/></item>
<item name="DFETAP12" rev="10">
<attrib name="value" value="20"/></item>
<item name="DFETAP13" rev="10">
<attrib name="value" value="20"/></item>
<item name="DFETAP14" rev="10">
<attrib name="value" value="20"/></item>
<item name="DFETAP20" rev="10">
<attrib name="value" value="20"/></item>
<item name="DFETAP21" rev="10">
<attrib name="value" value="20"/></item>
<item name="DFETAP22" rev="10">
<attrib name="value" value="20"/></item>
<item name="DFETAP23" rev="10">
<attrib name="value" value="20"/></item>
<item name="DFETAP24" rev="10">
<attrib name="value" value="20"/></item>
<item name="DFETAP30" rev="10">
<attrib name="value" value="20"/></item>
<item name="DFETAP31" rev="10">
<attrib name="value" value="20"/></item>
<item name="DFETAP32" rev="10">
<attrib name="value" value="20"/></item>
<item name="DFETAP33" rev="10">
<attrib name="value" value="20"/></item>
<item name="DFETAP40" rev="10">
<attrib name="value" value="20"/></item>
<item name="DFETAP41" rev="10">
<attrib name="value" value="20"/></item>
<item name="DFETAP42" rev="10">
<attrib name="value" value="20"/></item>
<item name="DFETAP43" rev="10">
<attrib name="value" value="20"/></item>
<item name="DFETAPOVRD" rev="10">
<attrib name="value" value="20"/></item>
<item name="DI0" rev="10">
<attrib name="value" value="20"/></item>
<item name="DI1" rev="10">
<attrib name="value" value="20"/></item>
<item name="DI10" rev="10">
<attrib name="value" value="20"/></item>
<item name="DI11" rev="10">
<attrib name="value" value="20"/></item>
<item name="DI12" rev="10">
<attrib name="value" value="20"/></item>
<item name="DI13" rev="10">
<attrib name="value" value="20"/></item>
<item name="DI14" rev="10">
<attrib name="value" value="20"/></item>
<item name="DI15" rev="10">
<attrib name="value" value="20"/></item>
<item name="DI2" rev="10">
<attrib name="value" value="20"/></item>
<item name="DI3" rev="10">
<attrib name="value" value="20"/></item>
<item name="DI4" rev="10">
<attrib name="value" value="20"/></item>
<item name="DI5" rev="10">
<attrib name="value" value="20"/></item>
<item name="DI6" rev="10">
<attrib name="value" value="20"/></item>
<item name="DI7" rev="10">
<attrib name="value" value="20"/></item>
<item name="DI8" rev="10">
<attrib name="value" value="20"/></item>
<item name="DI9" rev="10">
<attrib name="value" value="20"/></item>
<item name="DWE" rev="10">
<attrib name="value" value="20"/></item>
<item name="GATERXELECIDLE" rev="10">
<attrib name="value" value="20"/></item>
<item name="GTXRXRESET" rev="10">
<attrib name="value" value="20"/></item>
<item name="GTXTEST0" rev="10">
<attrib name="value" value="20"/></item>
<item name="GTXTEST1" rev="10">
<attrib name="value" value="20"/></item>
<item name="GTXTEST10" rev="10">
<attrib name="value" value="20"/></item>
<item name="GTXTEST11" rev="10">
<attrib name="value" value="20"/></item>
<item name="GTXTEST12" rev="10">
<attrib name="value" value="20"/></item>
<item name="GTXTEST2" rev="10">
<attrib name="value" value="20"/></item>
<item name="GTXTEST3" rev="10">
<attrib name="value" value="20"/></item>
<item name="GTXTEST4" rev="10">
<attrib name="value" value="20"/></item>
<item name="GTXTEST5" rev="10">
<attrib name="value" value="20"/></item>
<item name="GTXTEST6" rev="10">
<attrib name="value" value="20"/></item>
<item name="GTXTEST7" rev="10">
<attrib name="value" value="20"/></item>
<item name="GTXTEST8" rev="10">
<attrib name="value" value="20"/></item>
<item name="GTXTEST9" rev="10">
<attrib name="value" value="20"/></item>
<item name="GTXTXRESET" rev="10">
<attrib name="value" value="20"/></item>
<item name="IGNORESIGDET" rev="10">
<attrib name="value" value="20"/></item>
<item name="LOOPBACK0" rev="10">
<attrib name="value" value="20"/></item>
<item name="LOOPBACK1" rev="10">
<attrib name="value" value="20"/></item>
<item name="LOOPBACK2" rev="10">
<attrib name="value" value="20"/></item>
<item name="PLLRXRESET" rev="10">
<attrib name="value" value="20"/></item>
<item name="PLLTXRESET" rev="10">
<attrib name="value" value="20"/></item>
<item name="PRBSCNTRESET" rev="10">
<attrib name="value" value="20"/></item>
<item name="RXBUFRESET" rev="10">
<attrib name="value" value="20"/></item>
<item name="RXCDRRESET" rev="10">
<attrib name="value" value="20"/></item>
<item name="RXCHBONDI0" rev="10">
<attrib name="value" value="20"/></item>
<item name="RXCHBONDI1" rev="10">
<attrib name="value" value="20"/></item>
<item name="RXCHBONDI2" rev="10">
<attrib name="value" value="20"/></item>
<item name="RXCHBONDI3" rev="10">
<attrib name="value" value="20"/></item>
<item name="RXCHBONDLEVEL0" rev="10">
<attrib name="value" value="20"/></item>
<item name="RXCHBONDLEVEL1" rev="10">
<attrib name="value" value="20"/></item>
<item name="RXCHBONDLEVEL2" rev="10">
<attrib name="value" value="20"/></item>
<item name="RXCHBONDMASTER" rev="10">
<attrib name="value" value="20"/></item>
<item name="RXCHBONDSLAVE" rev="10">
<attrib name="value" value="20"/></item>
<item name="RXCOMMADETUSE" rev="10">
<attrib name="value" value="20"/></item>
<item name="RXDEC8B10BUSE" rev="10">
<attrib name="value" value="20"/></item>
<item name="RXDLYALIGNDISABLE" rev="10">
<attrib name="value" value="20"/></item>
<item name="RXDLYALIGNMONENB" rev="10">
<attrib name="value" value="20"/></item>
<item name="RXDLYALIGNOVERRIDE" rev="10">
<attrib name="value" value="20"/></item>
<item name="RXDLYALIGNRESET" rev="10">
<attrib name="value" value="20"/></item>
<item name="RXDLYALIGNSWPPRECURB" rev="10">
<attrib name="value" value="20"/></item>
<item name="RXDLYALIGNUPDSW" rev="10">
<attrib name="value" value="20"/></item>
<item name="RXENCHANSYNC" rev="10">
<attrib name="value" value="20"/></item>
<item name="RXENMCOMMAALIGN" rev="10">
<attrib name="value" value="20"/></item>
<item name="RXENPCOMMAALIGN" rev="10">
<attrib name="value" value="20"/></item>
<item name="RXENPMAPHASEALIGN" rev="10">
<attrib name="value" value="20"/></item>
<item name="RXENPRBSTST0" rev="10">
<attrib name="value" value="20"/></item>
<item name="RXENPRBSTST1" rev="10">
<attrib name="value" value="20"/></item>
<item name="RXENPRBSTST2" rev="10">
<attrib name="value" value="20"/></item>
<item name="RXENSAMPLEALIGN" rev="10">
<attrib name="value" value="20"/></item>
<item name="RXEQMIX0" rev="10">
<attrib name="value" value="20"/></item>
<item name="RXEQMIX1" rev="10">
<attrib name="value" value="20"/></item>
<item name="RXEQMIX2" rev="10">
<attrib name="value" value="20"/></item>
<item name="RXEQMIX3" rev="10">
<attrib name="value" value="20"/></item>
<item name="RXEQMIX4" rev="10">
<attrib name="value" value="20"/></item>
<item name="RXEQMIX5" rev="10">
<attrib name="value" value="20"/></item>
<item name="RXEQMIX6" rev="10">
<attrib name="value" value="20"/></item>
<item name="RXEQMIX7" rev="10">
<attrib name="value" value="20"/></item>
<item name="RXEQMIX8" rev="10">
<attrib name="value" value="20"/></item>
<item name="RXEQMIX9" rev="10">
<attrib name="value" value="20"/></item>
<item name="RXGEARBOXSLIP" rev="10">
<attrib name="value" value="20"/></item>
<item name="RXPLLLKDETEN" rev="10">
<attrib name="value" value="20"/></item>
<item name="RXPLLPOWERDOWN" rev="10">
<attrib name="value" value="20"/></item>
<item name="RXPLLREFSELDY0" rev="10">
<attrib name="value" value="20"/></item>
<item name="RXPLLREFSELDY1" rev="10">
<attrib name="value" value="20"/></item>
<item name="RXPLLREFSELDY2" rev="10">
<attrib name="value" value="20"/></item>
<item name="RXPMASETPHASE" rev="10">
<attrib name="value" value="20"/></item>
<item name="RXPOLARITY" rev="10">
<attrib name="value" value="20"/></item>
<item name="RXPOWERDOWN0" rev="10">
<attrib name="value" value="20"/></item>
<item name="RXPOWERDOWN1" rev="10">
<attrib name="value" value="20"/></item>
<item name="RXRATE0" rev="10">
<attrib name="value" value="20"/></item>
<item name="RXRATE1" rev="10">
<attrib name="value" value="20"/></item>
<item name="RXRESET" rev="10">
<attrib name="value" value="20"/></item>
<item name="RXSLIDE" rev="10">
<attrib name="value" value="20"/></item>
<item name="RXUSRCLK" rev="10">
<attrib name="value" value="20"/></item>
<item name="RXUSRCLK2" rev="10">
<attrib name="value" value="20"/></item>
<item name="TSTCLK0" rev="10">
<attrib name="value" value="20"/></item>
<item name="TSTCLK1" rev="10">
<attrib name="value" value="20"/></item>
<item name="TSTIN0" rev="10">
<attrib name="value" value="20"/></item>
<item name="TSTIN1" rev="10">
<attrib name="value" value="20"/></item>
<item name="TSTIN10" rev="10">
<attrib name="value" value="20"/></item>
<item name="TSTIN11" rev="10">
<attrib name="value" value="20"/></item>
<item name="TSTIN12" rev="10">
<attrib name="value" value="20"/></item>
<item name="TSTIN13" rev="10">
<attrib name="value" value="20"/></item>
<item name="TSTIN14" rev="10">
<attrib name="value" value="20"/></item>
<item name="TSTIN15" rev="10">
<attrib name="value" value="20"/></item>
<item name="TSTIN16" rev="10">
<attrib name="value" value="20"/></item>
<item name="TSTIN17" rev="10">
<attrib name="value" value="20"/></item>
<item name="TSTIN18" rev="10">
<attrib name="value" value="20"/></item>
<item name="TSTIN19" rev="10">
<attrib name="value" value="20"/></item>
<item name="TSTIN2" rev="10">
<attrib name="value" value="20"/></item>
<item name="TSTIN3" rev="10">
<attrib name="value" value="20"/></item>
<item name="TSTIN4" rev="10">
<attrib name="value" value="20"/></item>
<item name="TSTIN5" rev="10">
<attrib name="value" value="20"/></item>
<item name="TSTIN6" rev="10">
<attrib name="value" value="20"/></item>
<item name="TSTIN7" rev="10">
<attrib name="value" value="20"/></item>
<item name="TSTIN8" rev="10">
<attrib name="value" value="20"/></item>
<item name="TSTIN9" rev="10">
<attrib name="value" value="20"/></item>
<item name="TXBUFDIFFCTRL0" rev="10">
<attrib name="value" value="20"/></item>
<item name="TXBUFDIFFCTRL1" rev="10">
<attrib name="value" value="20"/></item>
<item name="TXBUFDIFFCTRL2" rev="10">
<attrib name="value" value="20"/></item>
<item name="TXBYPASS8B10B0" rev="10">
<attrib name="value" value="20"/></item>
<item name="TXBYPASS8B10B1" rev="10">
<attrib name="value" value="20"/></item>
<item name="TXBYPASS8B10B2" rev="10">
<attrib name="value" value="20"/></item>
<item name="TXBYPASS8B10B3" rev="10">
<attrib name="value" value="20"/></item>
<item name="TXCHARDISPMODE0" rev="10">
<attrib name="value" value="20"/></item>
<item name="TXCHARDISPMODE1" rev="10">
<attrib name="value" value="20"/></item>
<item name="TXCHARDISPMODE2" rev="10">
<attrib name="value" value="20"/></item>
<item name="TXCHARDISPMODE3" rev="10">
<attrib name="value" value="20"/></item>
<item name="TXCHARDISPVAL0" rev="10">
<attrib name="value" value="20"/></item>
<item name="TXCHARDISPVAL1" rev="10">
<attrib name="value" value="20"/></item>
<item name="TXCHARDISPVAL2" rev="10">
<attrib name="value" value="20"/></item>
<item name="TXCHARDISPVAL3" rev="10">
<attrib name="value" value="20"/></item>
<item name="TXCHARISK0" rev="10">
<attrib name="value" value="20"/></item>
<item name="TXCHARISK1" rev="10">
<attrib name="value" value="20"/></item>
<item name="TXCHARISK2" rev="10">
<attrib name="value" value="20"/></item>
<item name="TXCHARISK3" rev="10">
<attrib name="value" value="20"/></item>
<item name="TXCOMINIT" rev="10">
<attrib name="value" value="20"/></item>
<item name="TXCOMSAS" rev="10">
<attrib name="value" value="20"/></item>
<item name="TXCOMWAKE" rev="10">
<attrib name="value" value="20"/></item>
<item name="TXDATA0" rev="10">
<attrib name="value" value="20"/></item>
<item name="TXDATA1" rev="10">
<attrib name="value" value="20"/></item>
<item name="TXDATA10" rev="10">
<attrib name="value" value="20"/></item>
<item name="TXDATA11" rev="10">
<attrib name="value" value="20"/></item>
<item name="TXDATA12" rev="10">
<attrib name="value" value="20"/></item>
<item name="TXDATA13" rev="10">
<attrib name="value" value="20"/></item>
<item name="TXDATA14" rev="10">
<attrib name="value" value="20"/></item>
<item name="TXDATA15" rev="10">
<attrib name="value" value="20"/></item>
<item name="TXDATA16" rev="10">
<attrib name="value" value="20"/></item>
<item name="TXDATA17" rev="10">
<attrib name="value" value="20"/></item>
<item name="TXDATA18" rev="10">
<attrib name="value" value="20"/></item>
<item name="TXDATA19" rev="10">
<attrib name="value" value="20"/></item>
<item name="TXDATA2" rev="10">
<attrib name="value" value="20"/></item>
<item name="TXDATA20" rev="10">
<attrib name="value" value="20"/></item>
<item name="TXDATA21" rev="10">
<attrib name="value" value="20"/></item>
<item name="TXDATA22" rev="10">
<attrib name="value" value="20"/></item>
<item name="TXDATA23" rev="10">
<attrib name="value" value="20"/></item>
<item name="TXDATA24" rev="10">
<attrib name="value" value="20"/></item>
<item name="TXDATA25" rev="10">
<attrib name="value" value="20"/></item>
<item name="TXDATA26" rev="10">
<attrib name="value" value="20"/></item>
<item name="TXDATA27" rev="10">
<attrib name="value" value="20"/></item>
<item name="TXDATA28" rev="10">
<attrib name="value" value="20"/></item>
<item name="TXDATA29" rev="10">
<attrib name="value" value="20"/></item>
<item name="TXDATA3" rev="10">
<attrib name="value" value="20"/></item>
<item name="TXDATA30" rev="10">
<attrib name="value" value="20"/></item>
<item name="TXDATA31" rev="10">
<attrib name="value" value="20"/></item>
<item name="TXDATA4" rev="10">
<attrib name="value" value="20"/></item>
<item name="TXDATA5" rev="10">
<attrib name="value" value="20"/></item>
<item name="TXDATA6" rev="10">
<attrib name="value" value="20"/></item>
<item name="TXDATA7" rev="10">
<attrib name="value" value="20"/></item>
<item name="TXDATA8" rev="10">
<attrib name="value" value="20"/></item>
<item name="TXDATA9" rev="10">
<attrib name="value" value="20"/></item>
<item name="TXDEEMPH" rev="10">
<attrib name="value" value="20"/></item>
<item name="TXDETECTRX" rev="10">
<attrib name="value" value="20"/></item>
<item name="TXDIFFCTRL0" rev="10">
<attrib name="value" value="20"/></item>
<item name="TXDIFFCTRL1" rev="10">
<attrib name="value" value="20"/></item>
<item name="TXDIFFCTRL2" rev="10">
<attrib name="value" value="20"/></item>
<item name="TXDIFFCTRL3" rev="10">
<attrib name="value" value="20"/></item>
<item name="TXDLYALIGNDISABLE" rev="10">
<attrib name="value" value="20"/></item>
<item name="TXDLYALIGNMONENB" rev="10">
<attrib name="value" value="20"/></item>
<item name="TXDLYALIGNOVERRIDE" rev="10">
<attrib name="value" value="20"/></item>
<item name="TXDLYALIGNRESET" rev="10">
<attrib name="value" value="20"/></item>
<item name="TXDLYALIGNUPDSW" rev="10">
<attrib name="value" value="20"/></item>
<item name="TXELECIDLE" rev="10">
<attrib name="value" value="20"/></item>
<item name="TXENC8B10BUSE" rev="10">
<attrib name="value" value="20"/></item>
<item name="TXENPMAPHASEALIGN" rev="10">
<attrib name="value" value="20"/></item>
<item name="TXENPRBSTST0" rev="10">
<attrib name="value" value="20"/></item>
<item name="TXENPRBSTST1" rev="10">
<attrib name="value" value="20"/></item>
<item name="TXENPRBSTST2" rev="10">
<attrib name="value" value="20"/></item>
<item name="TXHEADER0" rev="10">
<attrib name="value" value="20"/></item>
<item name="TXHEADER1" rev="10">
<attrib name="value" value="20"/></item>
<item name="TXHEADER2" rev="10">
<attrib name="value" value="20"/></item>
<item name="TXINHIBIT" rev="10">
<attrib name="value" value="20"/></item>
<item name="TXMARGIN0" rev="10">
<attrib name="value" value="20"/></item>
<item name="TXMARGIN1" rev="10">
<attrib name="value" value="20"/></item>
<item name="TXMARGIN2" rev="10">
<attrib name="value" value="20"/></item>
<item name="TXPDOWNASYNCH" rev="10">
<attrib name="value" value="20"/></item>
<item name="TXPLLLKDETEN" rev="10">
<attrib name="value" value="20"/></item>
<item name="TXPLLPOWERDOWN" rev="10">
<attrib name="value" value="20"/></item>
<item name="TXPLLREFSELDY0" rev="10">
<attrib name="value" value="20"/></item>
<item name="TXPLLREFSELDY1" rev="10">
<attrib name="value" value="20"/></item>
<item name="TXPLLREFSELDY2" rev="10">
<attrib name="value" value="20"/></item>
<item name="TXPMASETPHASE" rev="10">
<attrib name="value" value="20"/></item>
<item name="TXPOLARITY" rev="10">
<attrib name="value" value="20"/></item>
<item name="TXPOSTEMPHASIS0" rev="10">
<attrib name="value" value="20"/></item>
<item name="TXPOSTEMPHASIS1" rev="10">
<attrib name="value" value="20"/></item>
<item name="TXPOSTEMPHASIS2" rev="10">
<attrib name="value" value="20"/></item>
<item name="TXPOSTEMPHASIS3" rev="10">
<attrib name="value" value="20"/></item>
<item name="TXPOSTEMPHASIS4" rev="10">
<attrib name="value" value="20"/></item>
<item name="TXPOWERDOWN0" rev="10">
<attrib name="value" value="20"/></item>
<item name="TXPOWERDOWN1" rev="10">
<attrib name="value" value="20"/></item>
<item name="TXPRBSFORCEERR" rev="10">
<attrib name="value" value="20"/></item>
<item name="TXPREEMPHASIS0" rev="10">
<attrib name="value" value="20"/></item>
<item name="TXPREEMPHASIS1" rev="10">
<attrib name="value" value="20"/></item>
<item name="TXPREEMPHASIS2" rev="10">
<attrib name="value" value="20"/></item>
<item name="TXPREEMPHASIS3" rev="10">
<attrib name="value" value="20"/></item>
<item name="TXRATE0" rev="10">
<attrib name="value" value="20"/></item>
<item name="TXRATE1" rev="10">
<attrib name="value" value="20"/></item>
<item name="TXRESET" rev="10">
<attrib name="value" value="20"/></item>
<item name="TXSEQUENCE0" rev="10">
<attrib name="value" value="20"/></item>
<item name="TXSEQUENCE1" rev="10">
<attrib name="value" value="20"/></item>
<item name="TXSEQUENCE2" rev="10">
<attrib name="value" value="20"/></item>
<item name="TXSEQUENCE3" rev="10">
<attrib name="value" value="20"/></item>
<item name="TXSEQUENCE4" rev="10">
<attrib name="value" value="20"/></item>
<item name="TXSEQUENCE5" rev="10">
<attrib name="value" value="20"/></item>
<item name="TXSEQUENCE6" rev="10">
<attrib name="value" value="20"/></item>
<item name="TXSTARTSEQ" rev="10">
<attrib name="value" value="20"/></item>
<item name="TXSWING" rev="10">
<attrib name="value" value="20"/></item>
<item name="TXUSRCLK" rev="10">
<attrib name="value" value="20"/></item>
<item name="TXUSRCLK2" rev="10">
<attrib name="value" value="20"/></item>
<item name="USRCODEERR" rev="10">
<attrib name="value" value="20"/></item>
</group>
<group name="IOB">
<item name="DIFFI_IN" rev="10">
<attrib name="value" value="1"/></item>
<item name="I" rev="10">
<attrib name="value" value="11"/></item>
<item name="O" rev="10">
<attrib name="value" value="60"/></item>
<item name="PAD" rev="10">
<attrib name="value" value="72"/></item>
<item name="PADOUT" rev="10">
<attrib name="value" value="1"/></item>
</group>
<group name="FF_INIT">
<item name="CE" rev="10">
<attrib name="value" value="14"/></item>
<item name="CK" rev="10">
<attrib name="value" value="1572"/></item>
<item name="D" rev="10">
<attrib name="value" value="1572"/></item>
<item name="Q" rev="10">
<attrib name="value" value="1572"/></item>
<item name="SR" rev="10">
<attrib name="value" value="25"/></item>
</group>
<group name="HARD0">
<item name="0" rev="10">
<attrib name="value" value="2"/></item>
</group>
<group name="BUFG">
<item name="I0" rev="10">
<attrib name="value" value="2"/></item>
<item name="O" rev="10">
<attrib name="value" value="2"/></item>
</group>
</ReportPinData>
<CmdHistory>
</CmdHistory>
</DeviceUsageSummary>
